{
  "Total" : {
    "transaction" : "Total",
    "sampleCount" : 25313,
    "errorCount" : 0,
    "errorPct" : 0.0,
    "meanResTime" : 224.2973965946347,
    "medianResTime" : 207.0,
    "minResTime" : 32.0,
    "maxResTime" : 1469.0,
    "pct1ResTime" : 350.0,
    "pct2ResTime" : 412.0,
    "pct3ResTime" : 573.9900000000016,
    "throughput" : 84.49242128382551,
    "receivedKBytesPerSec" : 898.5908089916519,
    "sentKBytesPerSec" : 11.345295659219797
  },
  "GET /items" : {
    "transaction" : "GET /items",
    "sampleCount" : 12664,
    "errorCount" : 0,
    "errorPct" : 0.0,
    "meanResTime" : 286.4245104232457,
    "medianResTime" : 265.0,
    "minResTime" : 80.0,
    "maxResTime" : 1469.0,
    "pct1ResTime" : 413.0,
    "pct2ResTime" : 480.0,
    "pct3ResTime" : 645.3500000000004,
    "throughput" : 42.27124493889963,
    "receivedKBytesPerSec" : 462.5894245950285,
    "sentKBytesPerSec" : 5.572869205811962
  },
  "GET /categories" : {
    "transaction" : "GET /categories",
    "sampleCount" : 12649,
    "errorCount" : 0,
    "errorPct" : 0.0,
    "meanResTime" : 162.09660842754374,
    "medianResTime" : 156.0,
    "minResTime" : 32.0,
    "maxResTime" : 616.0,
    "pct1ResTime" : 223.0,
    "pct2ResTime" : 251.0,
    "pct3ResTime" : 347.0,
    "throughput" : 42.397935241670574,
    "receivedKBytesPerSec" : 437.8267035932158,
    "sentKBytesPerSec" : 5.79659270882215
  }
}